"ShipVia","TotalFreight","Revenue","FreightRevenueRatio"
3,63445.139999999934,382909.468,16.569227272280436
2,91569.81000000014,533547.634,17.162443269310824
1,52291.15000000011,348839.9374999999,14.990012432277805
